<?xml version="1.0"?>
<Message xmlns:msg="http://www.1c.ru/SSL/Exchange/Message" xmlns:xs="http://www.w3.org/2001/XMLSchema" xmlns:xsi="http://www.w3.org/2001/XMLSchema-instance">
	<msg:Header>
		<msg:Format>http://v8.1c.ru/edi/edi_stnd/EnterpriseData/1.6</msg:Format>
		<msg:CreationDate>2021-09-08T12:00:00</msg:CreationDate>
		<msg:AvailableVersion>1.6</msg:AvailableVersion>
	</msg:Header>
	<Body xmlns="http://v8.1c.ru/edi/edi_stnd/EnterpriseData/1.6">
		<Документ.ЗаказКлиента>
			<КлючевыеСвойства>
				<Дата>2021-09-09T12:00:00</Дата>
				<Номер>AM00-000021</Номер>
				<Организация>
					<Ссылка>fece9022-ff56-11eb-7185-fa163e315c91</Ссылка>
					<Наименование></Наименование>
					<ЮридическоеФизическоеЛицо>ЮридическоеЛицо</ЮридическоеФизическоеЛицо>
				</Организация>
			</КлючевыеСвойства>
			<Валюта>
				<Код>643</Код>
				<Наименование>руб.</Наименование>
			</Валюта>
			<Сумма>30000</Сумма>
			<Контрагент>
				<Ссылка>362ac414-ff57-11eb-7185-fa163e315c91</Ссылка>
				<Наименование></Наименование>
				<ЮридическоеФизическоеЛицо>ЮридическоеЛицо</ЮридическоеФизическоеЛицо>
			</Контрагент>
			<ДанныеВзаиморасчетов>
				<КурсВзаиморасчетов>1</КурсВзаиморасчетов>
				<КратностьВзаиморасчетов>1</КратностьВзаиморасчетов>
			</ДанныеВзаиморасчетов>
			<Товары>
				<Строка>
					<ДанныеНоменклатуры>
						<Номенклатура>
							<НаименованиеПолное>Тестовый Товар 2</НаименованиеПолное>
							<КодВПрограмме>00-00000004</КодВПрограмме>
							<Наименование>Тестовый Товар 2</Наименование>
						</Номенклатура>
					</ДанныеНоменклатуры>
					<ЕдиницаИзмерения>
						<Код>796</Код>
						<Наименование>шт</Наименование>
					</ЕдиницаИзмерения>
					<Количество>2</Количество>
					<Сумма>30000</Сумма>
					<Цена>15000</Цена>
					<СтавкаНДС>БезНДС</СтавкаНДС>	
				</Строка>
			</Товары>
		</Документ.ЗаказКлиента>		
</Body>
</Message>